City_ID,City,Country,Date,Lat,Lng,Max Temp,Humidity,Cloudiness,Wind Speed
0,Sharan,RU,2022-03-10 22:51:50,54.8167,54.0,1.44,100,100,6.06
1,Trnava,SK,2022-03-10 22:51:50,48.3774,17.5872,34.21,50,20,9.66
2,Tromso,NO,2022-03-10 22:51:51,69.6496,18.957,38.37,81,75,21.85
3,Rikitea,PF,2022-03-10 22:47:34,-23.1203,-134.9692,78.76,69,10,6.78
4,Bluff,NZ,2022-03-10 22:45:15,-46.6,168.3333,62.8,66,100,12.15
5,Roebourne,AU,2022-03-10 22:51:51,-20.7833,117.1333,86.81,56,3,3.8
6,Port Alfred,ZA,2022-03-10 22:48:57,-33.5906,26.891,70.86,83,37,3.36
7,Dingle,PH,2022-03-10 22:51:52,10.9995,122.6711,77.5,89,70,6.38
8,Hilo,US,2022-03-10 22:44:43,19.7297,-155.09,82.13,73,40,11.5
9,Xuchang,CN,2022-03-10 22:51:52,34.0167,113.8167,53.49,79,0,3.4
10,Hermanus,ZA,2022-03-10 22:48:52,-34.4187,19.2345,67.8,85,0,10.87
11,Port Elizabeth,ZA,2022-03-10 22:51:53,-33.918,25.5701,64.69,94,0,0.0
12,Laguna,US,2022-03-10 22:51:53,38.421,-121.4238,68.18,14,0,20.71
13,Asfi,MA,2022-03-10 22:51:53,32.2994,-9.2372,55.09,80,4,9.08
14,Coihaique,CL,2022-03-10 22:51:54,-45.5752,-72.0662,63.21,55,40,5.75
15,East London,ZA,2022-03-10 22:51:54,-33.0153,27.9116,70.54,86,11,5.23
16,Mar Del Plata,AR,2022-03-10 22:48:45,-38.0023,-57.5575,68.09,64,0,6.91
17,Cherskiy,RU,2022-03-10 22:51:55,68.75,161.3,13.01,77,100,6.67
18,Chuy,UY,2022-03-10 22:48:50,-33.6971,-53.4616,68.49,77,100,13.24
19,Ushuaia,AR,2022-03-10 22:47:38,-54.8,-68.3,49.66,66,0,9.22
20,Gat,IL,2022-03-10 22:48:03,31.61,34.7642,53.08,100,30,21.07
21,Atuona,PF,2022-03-10 22:47:39,-9.8,-139.0333,78.64,73,23,17.0
22,Kapaa,US,2022-03-10 22:47:32,22.0752,-159.319,81.48,69,0,6.91
23,Saskylakh,RU,2022-03-10 22:47:36,71.9167,114.0833,-35.0,100,99,3.69
24,Acapulco,MX,2022-03-10 22:49:29,16.8634,-99.8901,80.42,74,0,5.75
25,San Ignacio,BZ,2022-03-10 22:51:56,17.1561,-89.0714,95.14,49,20,4.61
26,Touros,BR,2022-03-10 22:50:36,-5.1989,-35.4608,81.23,76,98,15.82
27,Hobart,AU,2022-03-10 22:48:43,-42.8794,147.3294,61.27,58,20,10.36
28,Bredasdorp,ZA,2022-03-10 22:47:39,-34.5322,20.0403,61.92,82,0,3.44
29,Lagoa,PT,2022-03-10 22:51:57,39.05,-27.9833,56.66,60,100,22.17
30,Ust-Tsilma,RU,2022-03-10 22:51:57,65.441,52.1498,9.72,90,85,10.49
31,Jamestown,US,2022-03-10 22:43:13,42.097,-79.2353,40.64,56,20,8.05
32,Half Moon Bay,US,2022-03-10 22:51:57,37.4636,-122.4286,70.18,27,0,13.8
33,Roald,NO,2022-03-10 22:51:58,62.5833,6.1333,52.72,57,0,8.05
34,Hasaki,JP,2022-03-10 22:51:58,35.7333,140.8333,43.2,71,100,12.19
35,Belawan,ID,2022-03-10 22:51:59,3.7755,98.6832,77.29,88,100,4.63
36,Arraial Do Cabo,BR,2022-03-10 22:47:36,-22.9661,-42.0278,76.86,73,0,11.5
37,Manacapuru,BR,2022-03-10 22:51:59,-3.2997,-60.6206,76.73,85,81,1.72
38,Puerto Ayora,EC,2022-03-10 22:50:05,-0.7393,-90.3518,82.36,85,64,5.01
39,Lillooet,CA,2022-03-10 22:52:00,50.6856,-121.942,43.5,56,89,3.56
40,Millinocket,US,2022-03-10 22:52:00,45.6573,-68.7098,42.91,31,0,6.91
41,Kalabo,ZM,2022-03-10 22:52:00,-14.97,22.6814,66.58,89,77,4.34
42,Punta Arenas,CL,2022-03-10 22:48:47,-53.15,-70.9167,59.11,67,75,16.11
43,New Norfolk,AU,2022-03-10 22:52:01,-42.7826,147.0587,61.72,47,4,3.29
44,Albany,US,2022-03-10 22:47:32,42.6001,-73.9662,40.23,76,90,2.42
45,Bambous Virieux,MU,2022-03-10 22:48:57,-20.3428,57.7575,79.05,89,40,3.44
46,Faanui,PF,2022-03-10 22:52:01,-16.4833,-151.75,81.43,70,35,11.48
47,Pangnirtung,CA,2022-03-10 22:53:02,66.1451,-65.7125,-7.6,77,75,0.0
48,Kudahuvadhoo,MV,2022-03-10 22:53:02,2.6708,72.8944,82.11,71,6,8.59
49,Sola,VU,2022-03-10 22:53:02,-13.8833,167.55,83.17,72,87,9.95
50,Beloha,MG,2022-03-10 22:53:03,-25.1667,45.05,74.98,89,27,12.33
51,Saint George,US,2022-03-10 22:52:37,37.1041,-113.5841,48.43,24,75,10.0
52,Tirano,IT,2022-03-10 22:53:03,46.2154,10.1679,45.46,69,16,1.41
53,Hami,CN,2022-03-10 22:53:04,42.8,93.45,46.0,42,100,11.5
54,Bembereke,BJ,2022-03-10 22:53:04,10.2283,2.6634,83.64,13,99,0.34
55,Nishihara,JP,2022-03-10 22:53:05,26.1842,127.7558,65.86,63,75,8.05
56,Dwarka,IN,2022-03-10 22:53:05,22.2394,68.9678,74.46,76,0,13.38
57,Demba,CD,2022-03-10 22:53:05,-5.51,22.2667,69.4,89,88,0.56
58,Sao Joao Da Barra,BR,2022-03-10 22:50:00,-21.6403,-41.0511,78.91,82,27,14.65
59,Balkhash,KZ,2022-03-10 22:53:06,46.844,74.9804,26.46,86,100,14.12
60,Sechura,PE,2022-03-10 22:53:06,-5.5569,-80.8222,81.25,58,91,16.4
61,Victoria,HK,2022-03-10 22:48:47,22.2855,114.1577,69.24,79,0,11.01
62,Souillac,MU,2022-03-10 22:47:37,-20.5167,57.5167,79.18,89,40,3.44
63,Sisimiut,GL,2022-03-10 22:53:07,66.9395,-53.6735,-10.75,98,42,4.59
64,Zyryanka,RU,2022-03-10 22:53:07,65.75,150.85,-6.43,98,100,3.85
65,Coahuayana,MX,2022-03-10 22:53:08,18.7333,-103.6833,82.49,44,1,6.78
66,Ossora,RU,2022-03-10 22:53:08,59.2353,163.0719,19.22,84,26,5.01
67,Nevelsk,RU,2022-03-10 22:53:09,46.6733,141.8633,35.33,98,100,18.21
68,Tasiilaq,GL,2022-03-10 22:48:52,65.6145,-37.6368,22.26,90,100,14.94
69,Brigantine,US,2022-03-10 22:53:09,39.4101,-74.3646,44.02,78,97,4.99
70,Ponta Do Sol,PT,2022-03-10 22:53:10,32.6667,-17.1,65.07,77,86,7.72
71,Nadym,RU,2022-03-10 22:53:10,65.5333,72.5167,-6.99,96,100,10.07
72,Mataura,NZ,2022-03-10 22:45:13,-46.1927,168.8643,62.47,57,100,7.02
73,Skelleftea,SE,2022-03-10 22:53:10,64.7507,20.9528,34.16,66,75,4.61
74,Georgetown,MY,2022-03-10 22:48:46,5.4112,100.3354,80.53,93,20,2.3
75,Isangel,VU,2022-03-10 22:53:11,-19.55,169.2667,83.75,68,49,4.65
76,Sao Filipe,CV,2022-03-10 22:48:51,14.8961,-24.4956,71.38,70,11,10.33
77,Boshnyakovo,RU,2022-03-10 22:53:11,49.6333,142.1667,30.31,89,100,6.2
78,Torbay,CA,2022-03-10 22:53:12,47.6666,-52.7314,31.57,76,75,23.02
79,Cape Town,ZA,2022-03-10 22:48:46,-33.9258,18.4232,68.11,72,0,9.22
80,Bathsheba,BB,2022-03-10 22:50:00,13.2167,-59.5167,79.41,69,40,20.71
81,Butaritari,KI,2022-03-10 22:49:58,3.0707,172.7902,80.47,82,67,16.49
82,Khatanga,RU,2022-03-10 22:45:11,71.9667,102.5,-21.3,100,99,5.32
83,Bekhtery,UA,2022-03-10 22:53:13,46.251,32.2927,23.38,65,100,17.67
84,Hithadhoo,MV,2022-03-10 22:47:28,-0.6,73.0833,81.48,62,34,3.31
85,Provideniya,RU,2022-03-10 22:53:13,64.3833,-173.3,19.51,68,0,38.03
86,Sendhwa,IN,2022-03-10 22:53:13,21.6833,75.1,75.72,32,3,3.78
87,Kibala,TD,2022-03-10 22:53:14,9.1104,18.3463,87.75,42,0,0.0
88,Nouakchott,MR,2022-03-10 22:50:28,18.0858,-15.9785,67.93,47,0,14.76
89,Vaini,TO,2022-03-10 22:47:31,-21.2,-175.2,77.16,94,100,10.36
90,Upernavik,GL,2022-03-10 22:50:06,72.7868,-56.1549,-13.54,98,68,3.0
91,Mahebourg,MU,2022-03-10 22:53:15,-20.4081,57.7,79.09,89,40,3.44
92,Chokurdakh,RU,2022-03-10 22:54:15,70.6333,147.9167,-14.94,100,97,6.04
93,Ahipara,NZ,2022-03-10 22:54:16,-35.1667,173.1667,73.45,61,46,10.02
94,Bethel,US,2022-03-10 22:54:16,41.3712,-73.414,44.89,66,98,0.98
95,Los Llanos De Aridane,ES,2022-03-10 22:54:16,28.6585,-17.9182,58.75,84,0,4.61
96,Biak,ID,2022-03-10 22:54:17,-0.9131,122.8766,77.9,85,46,0.81
97,Ginir,ET,2022-03-10 22:54:17,7.1333,40.7,59.18,50,61,3.4
98,Buraydah,SA,2022-03-10 22:54:18,26.326,43.975,79.25,24,100,13.13
99,Saint-Philippe,RE,2022-03-10 22:54:18,-21.3585,55.7679,76.59,87,35,7.09
100,Nikolskoye,RU,2022-03-10 22:54:18,59.7035,30.7861,23.81,86,20,7.0
101,Khandbari,NP,2022-03-10 22:54:19,27.3747,87.2039,60.15,36,0,4.5
102,Caravelas,BR,2022-03-10 22:54:19,-17.7125,-39.2481,77.11,81,37,4.99
103,Lakes Entrance,AU,2022-03-10 22:54:19,-37.8811,147.981,63.16,66,4,2.8
104,Tura,IN,2022-03-10 22:54:20,25.5198,90.2201,67.05,27,11,2.48
105,Yellowknife,CA,2022-03-10 22:43:59,62.456,-114.3525,2.41,61,20,11.5
106,Plast,RU,2022-03-10 22:54:20,54.3691,60.8136,-3.69,99,100,7.54
107,Ukiah,US,2022-03-10 22:54:21,39.1502,-123.2078,71.37,21,0,4.61
108,San Andres,CO,2022-03-10 22:50:37,12.5847,-81.7006,84.22,70,20,6.91
109,Unity,CA,2022-03-10 22:54:21,52.4501,-109.1682,0.25,83,96,15.46
110,Thompson,CA,2022-03-10 22:49:41,55.7435,-97.8558,5.16,51,75,12.66
111,Deputatskiy,RU,2022-03-10 22:54:22,69.3,139.9,-4.36,97,100,1.28
112,Northam,GB,2022-03-10 22:54:22,51.0333,-4.2167,43.61,89,42,15.79
113,Ust-Barguzin,RU,2022-03-10 22:54:22,53.45,108.9833,-3.03,94,32,5.55
114,Cidreira,BR,2022-03-10 22:54:23,-30.1811,-50.2056,75.0,89,93,5.3
115,Barrow,US,2022-03-10 22:50:02,71.2906,-156.7887,-12.98,70,0,6.91
116,Nome,US,2022-03-10 22:53:12,64.5011,-165.4064,25.11,75,0,25.97
117,Ancud,CL,2022-03-10 22:54:23,-41.8697,-73.8203,60.22,84,29,4.27
118,Airai,TL,2022-03-10 22:54:24,-8.9266,125.4092,63.81,86,65,1.59
119,Paracuru,BR,2022-03-10 22:54:24,-3.41,-39.0306,83.1,87,96,10.09
120,Aboisso,CI,2022-03-10 22:54:24,5.4678,-3.2071,80.47,87,100,6.04
121,Fortuna,US,2022-03-10 22:54:25,40.5982,-124.1573,59.94,60,0,12.66
122,Port Hueneme,US,2022-03-10 22:52:46,34.1478,-119.1951,76.26,55,0,13.8
123,Axim,GH,2022-03-10 22:54:25,4.8699,-2.2405,81.3,86,100,7.61
124,Saiha,IN,2022-03-10 22:54:26,22.4833,92.9667,59.83,47,52,3.85
125,Puqi,CN,2022-03-10 22:54:26,29.7167,113.8833,63.12,73,0,3.18
126,Jamame,SO,2022-03-10 22:54:26,0.0722,42.7506,76.73,82,26,10.87
127,Vardo,NO,2022-03-10 22:54:27,70.3705,31.1107,35.15,79,94,24.34
128,North Platte,US,2022-03-10 22:49:48,41.1239,-100.7654,23.11,51,100,16.11
129,Marawi,PH,2022-03-10 22:54:27,7.9986,124.2928,71.56,93,72,2.19
130,Avarua,CK,2022-03-10 22:47:39,-21.2078,-159.775,82.45,78,40,8.05
131,Nantucket,US,2022-03-10 22:50:47,41.2835,-70.0995,42.85,80,0,6.91
132,Opuwo,NA,2022-03-10 22:54:28,-18.0607,13.84,74.59,53,86,4.41
133,Puerto Lempira,HN,2022-03-10 22:54:28,15.2667,-83.7667,86.14,70,40,5.75
134,Itarema,BR,2022-03-10 22:54:29,-2.9248,-39.9167,79.36,82,100,7.85
135,Nantong,CN,2022-03-10 22:55:29,32.0303,120.8747,57.97,83,62,1.74
136,Kemijarvi,FI,2022-03-10 22:55:29,66.7131,27.4306,26.1,96,84,8.66
137,Kaitangata,NZ,2022-03-10 22:55:30,-46.2817,169.8464,65.3,66,71,5.86
138,Yaan,NG,2022-03-10 22:55:30,7.3833,8.5667,88.36,43,56,9.15
139,Atyrau,KZ,2022-03-10 22:55:31,47.1167,51.8833,33.82,100,100,13.42
140,Teya,RU,2022-03-10 22:55:31,60.3778,92.6267,-26.86,100,95,2.13
141,Carnarvon,AU,2022-03-10 22:47:38,-24.8667,113.6333,75.27,88,0,6.91
142,Barro,BR,2022-03-10 22:55:32,-6.7167,-38.8667,82.26,53,98,2.62
143,Adrar,MR,2022-03-10 22:55:32,20.5022,-10.0711,68.14,10,0,11.9
144,Lesnoy,RU,2022-03-10 22:55:33,57.6198,63.0784,-16.96,100,77,3.65
145,Busselton,AU,2022-03-10 22:47:38,-33.65,115.3333,71.65,49,58,9.89
146,Slave Lake,CA,2022-03-10 22:55:33,55.2834,-114.769,10.38,52,40,9.22
147,Qaanaaq,GL,2022-03-10 22:49:59,77.484,-69.3632,-4.05,73,100,2.86
148,Noumea,NC,2022-03-10 22:55:34,-22.2763,166.4572,82.38,99,34,6.89
149,Port Hardy,CA,2022-03-10 22:47:41,50.6996,-127.4199,37.58,93,100,13.8
150,Praia Da Vitoria,PT,2022-03-10 22:55:34,38.7333,-27.0667,57.45,72,40,14.32
151,San Quintin,MX,2022-03-10 22:55:35,30.4833,-115.95,60.96,68,27,14.58
152,Salalah,OM,2022-03-10 22:48:53,17.0151,54.0924,73.49,43,0,2.3
153,Pevek,RU,2022-03-10 22:50:07,69.7008,170.3133,13.12,69,2,10.09
154,Ribeira Grande,PT,2022-03-10 22:55:35,38.5167,-28.7,58.03,59,100,20.18
155,Kahului,US,2022-03-10 22:51:16,20.8947,-156.47,91.42,40,20,17.27
156,Kutum,SD,2022-03-10 22:55:36,14.2,24.6667,67.87,26,74,18.34
157,Clyde River,CA,2022-03-10 22:55:36,70.4692,-68.5914,-16.37,76,0,2.3
158,Dikson,RU,2022-03-10 22:47:30,73.5069,80.5464,-14.35,98,65,15.3
159,Constitucion,CL,2022-03-10 22:55:37,-35.3333,-72.4167,62.78,71,1,15.82
160,Namakkal,IN,2022-03-10 22:55:37,11.2213,78.1652,70.52,67,12,1.48
161,Sobolevo,RU,2022-03-10 22:55:37,54.4299,31.8996,8.94,94,25,6.44
162,Kodiak,US,2022-03-10 22:55:38,57.79,-152.4072,42.31,87,100,6.91
163,Broken Hill,AU,2022-03-10 22:55:38,-31.95,141.4333,62.31,45,7,12.66
164,Kholmogory,RU,2022-03-10 22:55:39,64.2229,41.656,20.64,94,100,8.41
165,Guimar,ES,2022-03-10 22:55:39,28.3039,-16.4325,57.56,55,1,7.02
166,Hofn,IS,2022-03-10 22:55:39,64.2539,-15.2082,44.73,93,100,29.04
167,Bonavista,CA,2022-03-10 22:55:40,48.6499,-53.1147,30.58,76,82,11.25
168,Longyearbyen,SJ,2022-03-10 22:55:40,78.2186,15.6401,22.84,74,75,17.27
169,Castro,BR,2022-03-10 22:55:40,-24.7911,-50.0119,66.16,95,93,2.68
170,Jalu,LY,2022-03-10 22:55:41,29.0331,21.5482,50.95,54,11,9.08
171,Kondoa,TZ,2022-03-10 22:55:41,-4.9,35.7833,61.75,88,100,3.67
172,Sitka,US,2022-03-10 22:47:40,57.0531,-135.33,42.69,70,100,12.66
173,Gigmoto,PH,2022-03-10 22:55:42,13.7796,124.39,78.39,88,79,6.26
174,Mahajanga,MG,2022-03-10 22:47:33,-15.7167,46.3167,77.02,100,40,5.75
175,Sadri,IN,2022-03-10 22:55:42,25.1833,73.4333,70.9,34,0,3.53
176,Arkansas City,US,2022-03-10 22:55:43,37.062,-97.0384,29.88,64,100,17.25
177,Timizart,DZ,2022-03-10 22:55:43,36.8,4.2667,50.68,68,49,5.95
178,Amarante Do Maranhao,BR,2022-03-10 22:55:43,-5.5667,-46.7422,73.83,95,99,2.39
179,Bengkulu,ID,2022-03-10 22:56:44,-3.8004,102.2655,75.72,89,100,4.23
180,Arvika,SE,2022-03-10 22:56:44,59.6553,12.5852,30.81,95,52,3.29
181,Neryungri,RU,2022-03-10 22:56:44,56.6709,124.6491,-4.86,99,100,5.39
182,Whakatane,NZ,2022-03-10 22:56:45,-37.9585,176.9854,72.64,59,38,5.01
183,Ovre Ardal,NO,2022-03-10 22:56:45,61.3167,7.8,19.26,88,29,7.31
184,Chimoio,MZ,2022-03-10 22:56:46,-19.1164,33.4833,67.03,97,87,3.42
185,Xichang,CN,2022-03-10 22:56:46,27.8964,102.2634,51.37,63,1,1.19
186,San Carlos De Bariloche,AR,2022-03-10 22:56:46,-41.1456,-71.3082,65.95,32,40,8.05
187,Kidal,ML,2022-03-10 22:56:47,18.4411,1.4078,76.57,14,20,9.55
188,Pisco,PE,2022-03-10 22:56:47,-13.7,-76.2167,73.45,73,0,19.57
189,Wenzhou,CN,2022-03-10 22:52:03,27.9994,120.6668,59.83,81,82,3.44
190,Inuvik,CA,2022-03-10 22:56:48,68.3499,-133.7218,-8.64,77,75,3.44
191,Payson,US,2022-03-10 22:55:06,40.0444,-111.7321,31.48,45,40,25.32
192,Ostrovnoy,RU,2022-03-10 22:56:48,68.0531,39.5131,28.6,88,76,18.16
193,Labytnangi,RU,2022-03-10 22:56:48,66.6572,66.4183,-6.0,90,100,5.5
194,Margate,GB,2022-03-10 22:56:49,51.3813,1.3862,50.31,73,16,4.0
195,Birin,NP,2022-03-10 22:56:49,26.8865,88.0718,55.42,42,0,5.48
196,Khorinsk,RU,2022-03-10 22:56:50,52.1657,109.7726,-0.58,93,50,2.73
197,Ucluelet,CA,2022-03-10 22:52:47,48.9329,-125.5528,42.1,86,100,4.81
198,Ulladulla,AU,2022-03-10 22:56:50,-35.35,150.4667,63.77,61,15,3.04
199,Dimona,IL,2022-03-10 22:56:50,31.0667,35.0333,46.18,65,4,23.24
200,Dangriga,BZ,2022-03-10 22:56:51,16.9692,-88.2321,81.54,79,3,9.04
201,Namyslow,PL,2022-03-10 22:56:51,51.0759,17.7228,25.32,50,0,9.78
202,Lebu,CL,2022-03-10 22:48:11,-37.6167,-73.65,58.87,86,18,22.59
203,Kuching,MY,2022-03-10 22:56:51,1.55,110.3333,75.42,94,20,1.14
204,Port-Gentil,GA,2022-03-10 22:56:52,-0.7193,8.7815,82.36,83,20,11.5
205,Grootfontein,NA,2022-03-10 22:56:52,-19.5667,18.1167,67.57,88,59,8.05
206,Narsaq,GL,2022-03-10 22:56:52,60.9167,-46.05,-1.43,77,0,5.37
207,Biltine,TD,2022-03-10 22:56:53,14.5333,20.9167,77.65,19,8,24.02
208,Saldanha,ZA,2022-03-10 22:47:40,-33.0117,17.9442,64.45,89,0,8.9
209,Port Victoria,KE,2022-03-10 22:56:53,0.0939,33.9756,72.23,70,82,5.44
210,Durango,MX,2022-03-10 22:52:09,24.8333,-104.8333,71.08,5,13,20.85
211,Tilichiki,RU,2022-03-10 22:56:54,60.4667,166.1,6.13,86,6,10.31
212,Ichinoseki,JP,2022-03-10 22:56:54,38.9167,141.1333,40.44,77,69,1.52
213,Aliwal North,ZA,2022-03-10 22:56:55,-30.6937,26.7114,65.01,61,25,7.76
214,Valparaiso,CL,2022-03-10 22:55:45,-33.0393,-71.6273,75.43,44,0,12.66
215,Wanning,CN,2022-03-10 22:56:55,18.8003,110.3967,69.94,91,98,5.73
216,Tabou,CI,2022-03-10 22:56:55,4.423,-7.3528,80.96,87,100,9.06
217,Port Hedland,AU,2022-03-10 22:56:56,-20.3167,118.5667,82.45,69,25,5.75
218,Waipawa,NZ,2022-03-10 22:56:56,-41.4122,175.5153,69.04,62,2,6.82
219,Tottori,JP,2022-03-10 22:56:56,35.5,134.2333,42.87,65,0,12.66
220,Altay,CN,2022-03-10 22:56:57,47.8667,88.1167,26.06,97,96,0.83
221,Fort-Shevchenko,KZ,2022-03-10 22:56:57,44.5086,50.263,36.43,82,100,16.98
222,Miraflores,MX,2022-03-10 22:56:57,19.2167,-98.8083,79.03,21,0,9.55
223,Zhangye,CN,2022-03-10 22:52:41,38.9342,100.4517,42.93,37,7,5.35
224,Verkhnyaya Inta,RU,2022-03-10 22:56:58,65.9811,60.3094,6.6,83,86,16.87
225,Tambun,ID,2022-03-10 22:56:58,-6.2641,107.0712,78.69,94,40,3.44
226,Winslow,US,2022-03-10 22:57:59,35.0242,-110.6974,36.18,91,100,17.98
227,Baykit,RU,2022-03-10 22:57:59,61.67,96.37,-24.83,100,74,2.82
228,Tazmalt,DZ,2022-03-10 22:58:00,36.3868,4.3989,51.64,70,44,5.75
229,Seydi,TM,2022-03-10 22:58:00,39.4816,62.9137,57.51,68,60,4.27
230,Flinders,AU,2022-03-10 22:58:00,-34.5833,150.8552,69.06,71,64,5.99
231,Darhan,MN,2022-03-10 22:58:01,49.4867,105.9228,15.93,92,100,4.32
232,Alamosa,US,2022-03-10 22:58:01,37.4695,-105.87,26.58,80,100,5.75
233,Bacolod,PH,2022-03-10 22:58:01,10.6667,122.95,79.75,83,72,5.23
234,Vila Franca Do Campo,PT,2022-03-10 22:58:02,37.7167,-25.4333,57.61,63,100,15.3
235,Harper,LR,2022-03-10 22:58:02,4.375,-7.7169,81.07,86,98,8.79
236,Palu,ID,2022-03-10 22:58:03,-0.8917,119.8707,77.68,90,53,2.86
237,Marsh Harbour,BS,2022-03-10 22:58:03,26.5412,-77.0636,76.86,80,73,13.15
238,Mango,US,2022-03-10 22:58:03,27.9797,-82.3065,74.05,94,40,25.32
239,Weihe,CN,2022-03-10 22:58:04,32.9952,105.3247,53.1,92,38,2.48
240,Snasa,NO,2022-03-10 22:58:04,64.2457,12.3778,23.14,86,100,4.05
241,Stromness,GB,2022-03-10 22:58:04,58.965,-3.296,46.36,87,62,26.53
242,Sabang,ID,2022-03-10 22:58:05,5.8933,95.3214,82.36,72,96,7.74
243,Bairiki,KI,2022-03-10 22:58:05,1.3292,172.9752,77.0,94,75,9.22
244,Madang,PG,2022-03-10 22:58:06,-5.2246,145.7966,81.48,76,63,3.78
245,Esperance,AU,2022-03-10 22:58:06,-33.8667,121.9,60.64,74,88,11.92
246,Sarakhs,IR,2022-03-10 22:58:06,36.5449,61.1577,62.38,57,100,5.01
247,Ostersund,SE,2022-03-10 22:58:07,63.1792,14.6357,34.25,69,100,8.05
248,Sembakung,ID,2022-03-10 22:58:07,3.8167,117.25,74.34,98,73,1.12
249,Bahia Honda,CU,2022-03-10 22:58:07,22.9036,-83.1592,82.54,60,24,12.5
250,Krasnoselkup,RU,2022-03-10 22:58:08,65.7,82.4667,-14.66,100,99,2.55
251,Amapa,BR,2022-03-10 22:58:08,1.0,-52.0,71.94,99,100,1.43
252,Avera,US,2022-03-10 22:58:08,33.194,-82.5271,55.38,84,94,9.91
253,Kiama,AU,2022-03-10 22:55:04,-34.6833,150.8667,71.01,65,48,7.4
254,Ketchikan,US,2022-03-10 22:58:09,55.3422,-131.6461,36.79,98,100,5.1
255,Tombouctou,ML,2022-03-10 22:58:09,20.0,-3.0,72.03,12,1,12.59
256,Umm Kaddadah,SD,2022-03-10 22:58:10,13.6017,26.6876,73.09,25,83,24.58
257,Pangkalanbuun,ID,2022-03-10 22:58:10,-2.6833,111.6167,73.62,98,71,2.48
258,Kandrian,PG,2022-03-10 22:58:10,-6.2167,149.55,82.81,74,68,5.19
259,Te Anau,NZ,2022-03-10 22:58:10,-45.4167,167.7167,63.84,73,85,6.58
260,Qostanay,KZ,2022-03-10 22:58:11,53.1667,63.5833,2.32,95,100,10.13
261,Macau,MO,2022-03-10 22:58:11,22.2006,113.5461,67.86,94,0,2.3
262,Show Low,US,2022-03-10 22:56:14,34.2542,-110.0298,44.89,43,100,19.57
263,Rio Brilhante,BR,2022-03-10 22:58:12,-21.8019,-54.5464,76.26,72,66,5.08
264,Vallenar,CL,2022-03-10 22:58:12,-28.5708,-70.7581,74.91,50,0,5.77
265,Songjianghe,CN,2022-03-10 22:58:12,42.1859,127.479,31.82,84,71,4.68
266,Norman Wells,CA,2022-03-10 22:58:13,65.282,-126.8329,-2.16,60,40,8.05
267,Gorele,TR,2022-03-10 22:58:13,41.0308,39.0031,36.36,98,100,3.2
268,Takoradi,GH,2022-03-10 22:55:49,4.8845,-1.7554,81.72,86,95,8.63
269,Tapes,BR,2022-03-10 22:58:14,-30.6733,-51.3958,73.11,86,77,8.39
270,Kirakira,SB,2022-03-10 22:58:14,-10.4544,161.9205,85.53,68,79,1.14
271,Yamada,JP,2022-03-10 22:58:14,39.4667,141.95,42.66,68,55,6.55
272,Barcelos,PT,2022-03-10 22:58:17,41.5388,-8.6151,57.34,92,96,22.86
273,Gao,ML,2022-03-10 22:59:15,16.6362,1.637,78.1,9,27,11.03
274,Liverpool,GB,2022-03-10 22:54:15,53.4106,-2.9779,54.28,87,75,8.05
275,Port Keats,AU,2022-03-10 22:59:16,-14.25,129.55,84.31,80,76,2.91
276,Tuatapere,NZ,2022-03-10 22:59:16,-46.1333,167.6833,70.92,54,100,7.76
277,Mount Gambier,AU,2022-03-10 22:59:17,-37.8333,140.7667,53.51,87,50,1.14
278,Ixtapa,MX,2022-03-10 22:59:17,20.7,-105.2,74.23,69,13,5.01
279,Labuhan,ID,2022-03-10 22:59:17,-6.8844,112.2051,77.22,86,94,4.21
280,Tiksi,RU,2022-03-10 22:59:18,71.6872,128.8694,-17.55,99,100,2.75
281,San Agustin,MX,2022-03-10 22:59:18,20.5333,-103.4667,79.52,9,24,14.12
282,Batticaloa,LK,2022-03-10 22:59:19,7.7102,81.6924,78.08,79,87,5.17
283,Katsuura,JP,2022-03-10 22:59:19,35.1333,140.3,56.17,59,70,9.06
284,Weatherford,US,2022-03-10 22:54:40,32.7593,-97.7972,69.3,38,3,3.0
285,Cayenne,GF,2022-03-10 22:59:19,4.9333,-52.3333,81.09,56,75,3.0
286,Corinto,GR,2022-03-10 22:59:20,37.9407,22.9573,40.41,58,73,5.99
287,Alexandria,EG,2022-03-10 22:55:25,31.2156,29.9553,53.56,71,40,21.85
288,Leh,IN,2022-03-10 22:59:20,34.1667,77.5833,3.65,68,43,3.09
289,Tual,ID,2022-03-10 22:59:21,-5.6667,132.75,83.68,68,92,2.57
290,Shubarkuduk,KZ,2022-03-10 22:59:21,49.1447,56.4872,19.49,92,100,18.86
291,Farah,AF,2022-03-10 22:59:22,32.5,62.5,68.56,33,82,6.08
292,Wattegama,LK,2022-03-10 22:59:22,6.7989,81.4808,70.18,91,13,3.4
293,Naldurg,IN,2022-03-10 22:59:22,17.8167,76.3,77.38,32,81,9.95
294,Severo-Kurilsk,RU,2022-03-10 22:59:23,50.6789,156.125,30.4,93,100,17.85
295,Prince George,CA,2022-03-10 22:58:31,53.9166,-122.753,36.25,36,100,10.36
296,Nsanje,MW,2022-03-10 22:59:24,-16.92,35.262,71.4,97,96,1.83
297,Port Macquarie,AU,2022-03-10 22:59:24,-31.4333,152.9167,70.9,58,87,7.63
298,Surt,LY,2022-03-10 22:59:24,31.2089,16.5887,54.41,57,44,4.41
299,Aswan,EG,2022-03-10 22:57:21,24.0934,32.907,63.7,27,0,11.5
300,Makubetsu,JP,2022-03-10 22:59:25,45.3714,141.8211,36.81,85,100,25.75
301,Bunbury,AU,2022-03-10 22:59:25,-33.3333,115.6333,75.16,42,99,9.69
302,Codrington,AU,2022-03-10 22:59:26,-38.2667,141.9667,61.88,59,60,7.0
303,Rio Grande,BR,2022-03-10 22:59:26,-32.035,-52.0986,69.94,83,99,12.15
304,Balabac,PH,2022-03-10 22:59:26,7.9868,117.0645,79.12,85,91,4.63
305,Guerrero Negro,MX,2022-03-10 22:59:27,27.9769,-114.0611,65.59,48,44,14.7
306,Auki,SB,2022-03-10 22:59:27,-8.7676,160.7034,85.12,67,76,2.17
307,Napoleon,US,2022-03-10 22:59:27,41.3923,-84.1252,42.24,57,67,3.38
308,Lompoc,US,2022-03-10 22:59:28,34.6391,-120.4579,74.7,57,0,10.0
309,Tokmak,UA,2022-03-10 22:59:28,47.2514,35.7058,19.8,72,76,13.44
310,Chumikan,RU,2022-03-10 22:59:29,54.7183,135.315,16.45,95,100,11.56
311,Muborak,UZ,2022-03-10 22:59:29,39.2553,65.1528,57.49,55,36,3.31
312,Ilulissat,GL,2022-03-10 22:59:29,69.2167,-51.1,-16.38,94,78,5.57
313,Prince Rupert,CA,2022-03-10 22:59:30,54.3161,-130.3201,39.29,93,100,20.71
314,Chase,CA,2022-03-10 22:59:30,50.8165,-119.6857,40.15,62,97,2.1
315,Petropavlovka,RU,2022-03-10 22:59:30,50.6114,105.3196,13.51,97,100,2.71
316,Bambanglipuro,ID,2022-03-10 22:59:31,-7.95,110.2833,75.9,88,100,2.82
317,Poum,NC,2022-03-10 22:59:31,-20.2333,164.0167,82.42,66,54,12.75
318,Kerrobert,CA,2022-03-10 22:59:31,51.9168,-109.1348,-0.35,83,97,15.32
319,Carutapera,BR,2022-03-10 23:00:33,-1.195,-46.02,76.23,91,100,3.36
320,Rupert,US,2022-03-10 23:00:33,42.6191,-113.6772,27.18,53,95,6.15
321,Fort Nelson,CA,2022-03-10 23:00:34,58.8053,-122.7002,10.81,85,100,6.46
322,Iqaluit,CA,2022-03-10 23:00:35,63.7506,-68.5145,-11.31,83,100,3.0
323,Mount Isa,AU,2022-03-10 23:00:12,-20.7333,139.5,85.77,25,24,8.05
324,Peniche,PT,2022-03-10 23:00:36,39.3558,-9.3811,59.29,93,86,23.49
325,San Patricio,US,2022-03-10 23:00:37,28.017,-97.5169,69.19,72,100,9.04
326,Khandyga,RU,2022-03-10 23:00:37,62.6667,135.6,2.08,96,99,2.82
327,Toamasina,MG,2022-03-10 23:00:38,-18.1667,49.3833,75.83,91,100,5.3
328,Vila,PT,2022-03-10 23:00:38,42.0304,-8.1588,45.48,93,100,10.4
329,Mattru,SL,2022-03-10 23:00:39,7.6244,-11.8332,77.52,78,38,2.73
330,Zyryanovsk,KZ,2022-03-10 23:00:40,49.7386,84.2719,13.42,97,100,3.31
331,Lima,PE,2022-03-10 22:58:36,-12.0432,-77.0282,68.4,26,0,9.22
332,Kamaishi,JP,2022-03-10 23:00:41,39.2667,141.8833,42.71,73,54,9.66
333,Tulum,MX,2022-03-10 22:59:19,20.2167,-87.4667,81.01,73,16,8.28
334,Riyadh,SA,2022-03-10 23:00:34,24.6877,46.7219,81.9,14,44,14.94
335,Cockburn Town,TC,2022-03-10 23:00:42,21.4612,-71.1419,77.92,83,1,17.85
336,Nuuk,GL,2022-03-10 23:00:42,64.1835,-51.7216,-10.07,90,44,7.16
337,Ilmajoki,FI,2022-03-10 23:00:42,62.7333,22.5667,34.36,61,100,10.36
338,Manzanillo,CU,2022-03-10 23:00:43,20.3433,-77.1167,82.36,57,4,10.51
339,Camabatela,AO,2022-03-10 23:00:43,-8.1881,15.375,63.18,96,100,2.55
340,Hualmay,PE,2022-03-10 23:00:44,-11.0964,-77.6139,73.94,77,72,8.55
341,Nisia Floresta,BR,2022-03-10 23:00:45,-6.0911,-35.2086,81.41,75,99,11.77
342,Camacha,PT,2022-03-10 23:00:45,33.0833,-16.3333,60.22,88,20,6.91
343,Yeppoon,AU,2022-03-10 22:57:25,-23.1333,150.7333,78.58,77,76,13.82
344,Wewak,PG,2022-03-10 23:00:46,-3.5534,143.6268,80.38,82,100,4.16
345,Adre,TD,2022-03-10 23:00:47,13.4667,22.2,74.52,21,12,24.47
346,Cabo San Lucas,MX,2022-03-10 23:00:01,22.8909,-109.9124,76.6,55,0,10.74
347,Senneterre,CA,2022-03-10 23:00:47,48.3835,-77.2328,14.9,83,100,7.76
348,Fergus Falls,US,2022-03-10 23:00:48,46.283,-96.0776,21.18,62,0,10.36
349,Quisqueya,DO,2022-03-10 23:00:48,18.5554,-69.4081,79.14,81,38,5.84
350,Miri,MY,2022-03-10 23:00:49,4.4148,114.0089,74.71,93,95,4.27
351,Kailaras,IN,2022-03-10 23:00:49,26.3167,77.6167,68.41,34,33,1.68
352,Taltal,CL,2022-03-10 23:00:50,-25.4,-70.4833,67.8,79,27,6.26
353,Ndele,CF,2022-03-10 23:00:50,8.4109,20.6473,79.63,36,75,2.62
354,Praya,CV,2022-03-10 23:00:51,14.9215,-23.5087,69.85,76,11,18.57
355,Mpulungu,ZM,2022-03-10 23:00:51,-8.7623,31.1141,73.62,76,100,4.29
356,Benjamin Constant,BR,2022-03-10 23:00:52,-4.3831,-70.0311,78.85,89,0,5.75
357,Ilhabela,BR,2022-03-10 23:00:52,-23.7781,-45.3581,77.54,85,21,5.88
358,Sri Aman,MY,2022-03-10 23:00:53,1.2376,111.4621,72.18,99,98,1.16
359,Olafsvik,IS,2022-03-10 23:00:53,64.8945,-23.7142,39.2,92,100,14.67
360,Evans,US,2022-03-10 23:00:53,33.5337,-82.1307,55.6,79,100,3.44
361,Chipinge,ZW,2022-03-10 23:00:54,-20.1883,32.6236,61.5,95,39,4.27
362,Shache,CN,2022-03-10 23:00:54,38.4167,77.2406,49.71,24,65,6.04
363,Hobyo,SO,2022-03-10 23:00:55,5.3505,48.5268,77.16,68,66,11.63
364,Ankazoabo,MG,2022-03-10 23:00:55,-22.2833,44.5167,74.88,73,45,4.0
365,Saint Anthony,US,2022-03-10 23:00:17,45.0205,-93.218,27.3,50,75,16.11
366,Mandal,IN,2022-03-10 23:01:56,25.45,74.5667,69.57,34,0,4.16
367,Bud,US,2022-03-10 23:01:56,39.447,-86.1758,49.95,51,22,2.19
368,Aksu,CN,2022-03-10 23:01:57,41.1231,80.2644,46.49,37,58,5.41
369,Athabasca,CA,2022-03-10 22:58:17,54.7169,-113.2854,9.01,69,99,9.93
370,Yulara,AU,2022-03-10 23:01:57,-25.2406,130.9889,72.28,23,23,11.5
371,Victor Harbor,AU,2022-03-10 23:01:57,-35.5667,138.6167,62.01,76,50,10.13
372,Camana,PE,2022-03-10 23:01:58,-16.6228,-72.7111,73.6,80,6,6.17
373,Zhezkazgan,KZ,2022-03-10 23:01:58,47.8043,67.7144,23.43,91,100,14.45
374,Nemuro,JP,2022-03-10 23:01:58,43.3236,145.575,32.32,88,75,11.52
375,Espanola,US,2022-03-10 23:01:59,35.9911,-106.0806,47.71,57,100,3.0
376,Yar-Sale,RU,2022-03-10 23:01:59,66.8333,70.8333,-16.28,100,81,7.18
377,Terrace,CA,2022-03-10 23:01:59,54.5163,-128.6035,41.16,64,98,3.18
378,Abu Samrah,SY,2022-03-10 23:02:00,35.3029,37.1841,46.15,83,67,21.79
379,Tuktoyaktuk,CA,2022-03-10 23:02:00,69.4541,-133.0374,-16.6,76,75,3.44
380,Geraldton,AU,2022-03-10 23:01:02,-28.7667,114.6,64.81,59,7,3.44
381,Makaha,US,2022-03-10 23:02:01,21.4694,-158.2175,82.98,74,11,5.06
382,Namatanai,PG,2022-03-10 23:02:01,-3.6667,152.4333,82.8,71,100,2.86
383,Chaozhou,CN,2022-03-10 23:00:14,23.6651,116.6379,62.53,75,0,1.52
384,Entre Rios,BR,2022-03-10 23:02:02,-11.9419,-38.0844,73.69,90,95,3.36
385,San Ciro De Acosta,MX,2022-03-10 23:02:02,21.6333,-99.8167,92.79,10,64,4.52
386,Tsiroanomandidy,MG,2022-03-10 23:02:02,-18.7667,46.0333,66.88,98,100,3.18
387,Kisangani,CD,2022-03-10 23:00:24,0.5167,25.2,73.33,86,93,1.7
388,Narino,CO,2022-03-10 23:02:03,5.6089,-75.1766,63.88,97,62,1.74
389,Camocim,BR,2022-03-10 23:02:03,-2.9022,-40.8411,78.04,88,100,8.34
390,Leningradskiy,RU,2022-03-10 23:02:03,69.3833,178.4167,10.56,77,2,7.0
391,Dzerzhinsk,RU,2022-03-10 23:02:04,56.2389,43.4631,12.02,73,75,0.0
392,Omboue,GA,2022-03-10 23:02:04,-1.5746,9.2618,79.41,85,98,6.82
393,Quatre Cocos,MU,2022-03-10 23:02:05,-20.2078,57.7625,77.09,86,13,8.05
394,Lasa,IT,2022-03-10 23:02:05,46.6166,10.7002,34.02,85,8,2.19
395,Elizabeth City,US,2022-03-10 23:02:05,36.2946,-76.2511,46.02,92,90,7.7
396,Heide,DE,2022-03-10 23:02:06,54.2,9.1,41.09,66,52,13.58
397,Encruzilhada Do Sul,BR,2022-03-10 23:01:30,-30.5439,-52.5219,68.31,87,92,6.11
398,Aksarka,RU,2022-03-10 23:02:06,66.5606,67.7975,-6.54,93,100,8.34
399,Maceio,BR,2022-03-10 23:02:06,-9.6658,-35.7353,78.24,83,75,3.44
400,Batala,IN,2022-03-10 23:02:07,31.8186,75.2028,56.98,70,30,3.51
401,Pitimbu,BR,2022-03-10 23:02:07,-7.4706,-34.8086,81.59,71,97,14.88
402,Kango,GA,2022-03-10 23:02:07,0.1943,10.0951,75.87,97,100,1.83
403,Vikersund,NO,2022-03-10 23:02:08,59.9659,9.995,38.5,98,99,3.2
404,Dayong,CN,2022-03-10 23:02:08,25.0209,118.2898,60.94,82,0,1.61
405,Whitehorse,CA,2022-03-10 23:00:20,60.7161,-135.0538,34.11,66,100,15.99
406,Springfield,US,2022-03-10 23:02:09,37.2153,-93.2982,57.52,53,100,14.0
407,Lavrentiya,RU,2022-03-10 23:02:09,65.5833,-171.0,10.65,69,0,15.77
408,Melioratorov,RU,2022-03-10 23:02:09,57.2107,65.6077,-9.02,77,0,2.24
409,Haapiti,PF,2022-03-10 23:02:10,-17.5667,-149.8667,85.73,71,70,11.32
410,Ilinskiy,RU,2022-03-10 23:02:10,55.619,38.1182,17.31,57,0,2.24
411,Lorengau,PG,2022-03-10 23:02:10,-2.0226,147.2712,82.74,72,96,2.35
412,San Cristobal,VE,2022-03-10 23:03:11,7.7669,-72.225,70.12,84,88,2.28
413,Kailua,US,2022-03-10 23:03:11,21.4022,-157.7394,83.07,78,19,5.01
414,Kondinskoye,RU,2022-03-10 23:03:12,59.6481,67.41,-22.7,100,97,2.66
415,Immokalee,US,2022-03-10 23:03:12,26.4187,-81.4173,82.94,68,8,11.14
416,Christchurch,NZ,2022-03-10 22:59:01,-43.5333,172.6333,81.32,60,7,6.91
417,Lincoln,US,2022-03-10 23:01:03,40.8,-96.667,29.14,63,100,1.99
418,Antalaha,MG,2022-03-10 23:03:13,-14.9003,50.2788,75.34,92,98,5.12
419,Barranca,PE,2022-03-10 23:03:13,-10.75,-77.7667,73.56,76,78,7.31
420,Tabas,IR,2022-03-10 23:03:13,33.5959,56.9244,72.39,34,100,11.63
421,Yinchuan,CN,2022-03-10 23:03:14,38.4681,106.2731,49.23,60,84,1.25
422,Gidam,IN,2022-03-10 23:03:14,18.9833,81.4,65.98,35,0,2.71
423,Lolodorf,CM,2022-03-10 23:03:14,3.2333,10.7333,72.81,96,100,1.01
424,Husavik,IS,2022-03-10 23:03:15,66.0449,-17.3389,38.26,86,100,11.65
425,La Ronge,CA,2022-03-10 23:03:15,55.1001,-105.2842,-2.11,82,100,14.32
426,Trairi,BR,2022-03-10 23:02:08,-3.2778,-39.2689,78.21,88,100,8.66
427,Launceston,AU,2022-03-10 23:01:38,-41.45,147.1667,59.14,64,100,8.05
428,Jaciara,BR,2022-03-10 23:03:16,-15.9653,-54.9683,73.67,91,99,1.99
429,Fairbanks,US,2022-03-10 23:03:16,64.8378,-147.7164,23.09,65,100,1.01
430,Oranjemund,NA,2022-03-10 23:03:16,-28.55,16.4333,74.41,71,92,3.71
431,Yeniseysk,RU,2022-03-10 23:03:17,58.4497,92.1703,-24.68,100,67,2.06
432,Villa Altagracia,DO,2022-03-10 23:03:17,18.673,-70.171,78.12,89,22,1.3
433,Prokopyevsk,RU,2022-03-10 23:03:17,53.9059,86.719,5.77,60,100,8.59
434,College,US,2022-03-10 23:03:18,64.8569,-147.8028,23.07,66,100,1.99
435,Khani,GE,2022-03-10 23:03:18,41.9563,42.9566,29.77,99,100,2.86
436,Kumluca,TR,2022-03-10 23:03:18,36.3703,30.2869,42.6,75,91,6.91
437,Chippewa Falls,US,2022-03-10 23:03:19,44.9369,-91.3929,23.99,54,99,6.87
438,Magadan,RU,2022-03-10 23:03:19,59.5667,150.8,22.77,74,100,7.63
439,Makakilo City,US,2022-03-10 23:03:20,21.3469,-158.0858,81.61,58,17,5.46
440,Talbahat,IN,2022-03-10 23:03:20,25.05,78.4333,68.05,33,21,3.71
441,Kavieng,PG,2022-03-10 23:03:20,-2.5744,150.7967,82.44,73,100,4.59
442,Sorland,NO,2022-03-10 23:03:21,67.667,12.6934,42.1,89,100,18.37
443,San Carlos,VE,2022-03-10 23:03:21,9.6612,-68.5827,83.35,61,88,3.36
444,Kamina,CD,2022-03-10 23:03:21,-8.7386,24.9906,64.94,94,100,0.38
445,Talnakh,RU,2022-03-10 23:03:22,69.4865,88.3972,-25.8,99,60,7.52
446,Rocha,UY,2022-03-10 23:03:22,-34.4833,-54.3333,65.71,71,100,12.91
447,Gibara,CU,2022-03-10 23:03:22,21.1097,-76.1317,79.54,74,0,15.59
448,Fukue,JP,2022-03-10 23:03:23,32.6881,128.8419,60.08,67,100,6.69
449,Atar,MR,2022-03-10 23:03:23,20.5169,-13.0499,72.86,11,0,9.84
450,Ugoofaaru,MV,2022-03-10 23:03:24,5.6667,73.0,81.97,74,1,5.55
451,Pandan,PH,2022-03-10 23:03:24,14.0453,124.1694,78.06,88,92,7.38
452,Vostok,RU,2022-03-10 23:03:24,46.4856,135.8833,28.78,90,41,5.19
453,Veinticinco De Mayo,AR,2022-03-10 23:03:25,-35.4323,-60.1727,65.98,69,0,4.36
454,Port Lincoln,AU,2022-03-10 23:03:25,-34.7333,135.8667,64.62,73,29,12.19
455,Litovko,RU,2022-03-10 23:03:26,49.2361,135.1742,25.16,93,42,6.6
456,Verkhnevilyuysk,RU,2022-03-10 23:03:26,63.4453,120.3167,0.5,97,100,2.48
457,Snezhnogorsk,RU,2022-03-10 23:03:26,69.1933,33.2531,29.98,86,89,16.58
458,Matamoros,MX,2022-03-10 23:03:27,25.5333,-103.25,86.11,4,20,0.0
459,Bukoba,TZ,2022-03-10 23:03:27,-1.3317,31.8122,70.18,67,98,5.12
460,Maniitsoq,GL,2022-03-10 23:04:27,65.4167,-52.9,-8.14,93,42,6.67
461,Aitape,PG,2022-03-10 23:04:28,-3.1374,142.3475,81.01,77,100,3.04
462,Menongue,AO,2022-03-10 23:04:28,-14.6585,17.691,65.41,90,69,4.0
463,Sinnamary,GF,2022-03-10 23:01:16,5.3833,-52.95,77.09,85,47,9.8
464,Erdenet,MN,2022-03-10 23:04:29,49.0333,104.0833,17.76,90,100,3.38
465,Gola Gokarannath,IN,2022-03-10 23:04:29,28.0833,80.4667,60.87,41,0,6.91
466,Mega,ET,2022-03-10 23:04:29,4.05,38.3,65.34,40,61,13.8
467,Adiake,CI,2022-03-10 23:04:30,5.2863,-3.304,80.91,86,100,7.92
468,Surgut,RU,2022-03-10 23:04:30,61.25,73.4167,-16.42,83,0,6.71
469,Douglas,US,2022-03-10 22:59:55,41.3,-96.167,30.13,49,75,5.75
470,Jaisalmer,IN,2022-03-10 23:04:30,26.9147,70.9181,74.84,27,0,7.16
471,Miles City,US,2022-03-10 23:04:31,46.4083,-105.8406,25.77,54,100,28.77
472,Salinopolis,BR,2022-03-10 23:04:31,-0.6136,-47.3561,76.87,89,100,7.87
473,Lieksa,FI,2022-03-10 23:04:31,63.3167,30.0167,32.67,89,100,12.86
474,Ramshir,IR,2022-03-10 23:04:32,30.8946,49.4092,74.39,46,100,11.3
475,Lodja,CD,2022-03-10 23:04:32,-3.4833,23.4333,70.34,98,98,1.74
476,Pudem,RU,2022-03-10 23:04:32,58.3044,52.1675,-5.44,99,25,4.52
477,Del Rio,US,2022-03-10 23:04:33,29.3627,-100.8968,75.6,29,0,12.66
478,Le Port,RE,2022-03-10 23:04:33,-20.9373,55.2919,78.26,74,4,2.35
479,Portland,US,2022-03-10 23:02:37,45.5234,-122.6762,52.95,38,0,6.91
480,Verkhovye,RU,2022-03-10 23:04:34,52.8119,37.2425,9.64,88,20,15.64
481,Berlevag,NO,2022-03-10 23:03:11,70.8578,29.0864,37.35,70,40,28.77
482,Mangrol,IN,2022-03-10 23:04:34,21.1167,70.1167,76.33,46,0,8.12
483,Krasnoarmeysk,RU,2022-03-10 23:04:34,51.0239,45.6969,17.74,95,100,17.69
484,Sao Jose Da Coroa Grande,BR,2022-03-10 23:04:35,-8.8978,-35.1478,79.86,75,93,10.31
485,Malakal,SS,2022-03-10 23:04:35,9.5334,31.6605,90.45,16,54,4.21
486,Wiarton,CA,2022-03-10 23:04:36,44.7407,-81.1332,27.03,67,100,5.1
487,Zhigansk,RU,2022-03-10 23:04:36,66.7697,123.3711,-12.73,95,100,4.65
488,Dubbo,AU,2022-03-10 23:00:48,-32.25,148.6167,68.13,64,75,17.27
489,Mugur-Aksy,RU,2022-03-10 23:04:36,50.35,90.5,11.75,92,98,5.41
490,Santa Cruz,BO,2022-03-10 23:01:54,-17.8,-63.1667,76.5,79,25,6.93
491,Duluth,US,2022-03-10 23:04:37,46.7833,-92.1066,22.28,48,40,19.57
492,Marang,MY,2022-03-10 23:04:37,5.2056,103.2059,77.59,79,95,3.85
493,Neya,RU,2022-03-10 23:04:38,58.2972,43.8681,10.38,98,98,3.36
494,Nanortalik,GL,2022-03-10 23:04:38,60.1432,-45.2371,9.09,73,1,7.7
495,Tiarei,PF,2022-03-10 23:04:38,-17.5333,-149.3333,86.02,72,60,11.1
496,Catuday,PH,2022-03-10 23:04:39,16.2923,119.8062,76.84,74,92,5.95
497,Sur,OM,2022-03-10 23:04:39,22.5667,59.5289,78.26,44,0,6.98
498,Roma,US,2022-03-10 23:04:39,43.2128,-75.4557,38.88,70,0,0.0
499,Cape Coast,GH,2022-03-10 23:04:40,5.1053,-1.2466,81.46,88,98,9.33
500,Yurga,RU,2022-03-10 23:04:40,55.7231,84.8861,-8.25,97,100,7.45
501,Carballo,ES,2022-03-10 23:04:40,43.213,-8.691,49.55,90,86,11.56
502,La Primavera,CO,2022-03-10 23:04:41,5.4906,-70.4092,88.03,46,100,7.65
503,Morant Bay,JM,2022-03-10 23:04:41,17.8815,-76.4093,82.71,79,4,9.69
504,Zavodoukovsk,RU,2022-03-10 23:04:42,56.5042,66.5515,-12.05,100,83,5.28
505,Vermilion,US,2022-03-10 23:04:42,40.1667,-87.7506,42.57,51,91,4.61
506,Waldkraiburg,DE,2022-03-10 23:04:42,48.2085,12.3989,34.48,42,1,15.3
507,Boa Vista,BR,2022-03-10 23:05:43,2.8197,-60.6733,85.98,58,40,4.61
508,Jaru,BR,2022-03-10 23:05:43,-10.4389,-62.4664,74.55,96,93,0.83
509,Lucapa,AO,2022-03-10 23:05:43,-8.4192,20.7447,67.33,96,93,2.77
510,Kruisfontein,ZA,2022-03-10 23:05:44,-34.0033,24.7314,64.51,92,0,4.68
511,Kerema,PG,2022-03-10 23:05:44,-7.9631,145.7785,79.59,83,99,4.41
512,Lindi,TZ,2022-03-10 23:05:44,-10.0,39.7167,74.41,96,100,2.66
513,Soller,ES,2022-03-10 23:05:45,39.7662,2.7152,52.92,81,100,1.99
514,Westport,US,2022-03-10 23:05:45,41.1415,-73.3579,45.28,66,0,0.0
515,Clarence Town,AU,2022-03-10 23:05:45,-32.5833,151.7833,72.86,68,48,2.84
516,Suntar,RU,2022-03-10 23:05:46,62.1444,117.6319,-19.12,99,90,2.71
517,Hongjiang,CN,2022-03-10 23:05:46,27.11,109.9956,62.08,92,68,2.77
518,Aban,RU,2022-03-10 23:05:46,56.67,96.06,-19.43,100,96,2.21
519,Coxim,BR,2022-03-10 23:02:26,-18.5067,-54.76,79.48,69,75,3.76
520,Skjervoy,NO,2022-03-10 23:05:47,70.0311,20.9714,40.89,78,67,40.04
521,Solec Kujawski,PL,2022-03-10 23:05:48,53.0837,18.2257,28.87,54,0,9.22
522,Barinitas,VE,2022-03-10 23:05:48,8.7622,-70.4111,76.19,74,92,3.94
523,Porto Novo,BJ,2022-03-10 23:01:50,6.4965,2.6036,83.08,81,95,10.04
524,Palaikastron,GR,2022-03-10 23:05:48,35.2,26.25,44.89,60,87,29.19
525,Iquique,CL,2022-03-10 23:05:49,-20.2208,-70.1431,68.04,86,27,6.4
526,Punta Alta,AR,2022-03-10 23:02:55,-38.8759,-62.0736,65.16,59,88,15.64
527,Sorong,ID,2022-03-10 23:05:49,-0.8833,131.25,80.89,81,100,7.49
528,Beringovskiy,RU,2022-03-10 23:05:49,63.05,179.3167,7.83,73,1,16.73
529,Krapivinskiy,RU,2022-03-10 23:05:50,54.9992,86.8133,3.6,88,100,8.84
530,Challapata,BO,2022-03-10 23:05:50,-18.9,-66.7667,47.26,75,91,11.72
531,Tecolutla,MX,2022-03-10 23:05:50,20.4833,-97.0167,82.26,80,26,8.28
532,Susangerd,IR,2022-03-10 23:05:51,31.5608,48.1831,70.45,63,100,13.44
533,Russell,US,2022-03-10 23:00:52,32.3502,-85.1999,70.75,57,75,0.0
534,Yenagoa,NG,2022-03-10 23:05:51,4.9247,6.2642,79.95,86,96,5.23
535,Claremore,US,2022-03-10 23:05:52,36.3126,-95.6161,46.49,61,100,8.05
536,Buchanan,LR,2022-03-10 23:05:52,5.8808,-10.0467,80.37,90,100,6.93
537,Ambilobe,MG,2022-03-10 23:05:52,-13.2,49.05,73.65,98,100,2.57
538,Sao Felix Do Xingu,BR,2022-03-10 23:05:53,-6.6447,-51.995,72.52,94,97,1.3
539,Lata,PT,2022-03-10 23:05:53,40.1629,-8.3327,55.92,94,100,11.16
540,Acara,BR,2022-03-10 23:05:53,-1.9608,-48.1967,73.74,99,98,3.36
541,Andilamena,MG,2022-03-10 23:05:54,-17.0167,48.5833,66.09,98,100,2.28
542,Iaciara,BR,2022-03-10 23:05:54,-14.0958,-46.6317,74.86,77,86,2.66
543,Saint-Pierre,RE,2022-03-10 23:05:54,-21.3393,55.4781,77.92,81,0,5.75
544,Nago,JP,2022-03-10 23:05:55,26.5881,127.9761,66.63,72,100,9.71
545,Fare,PF,2022-03-10 23:05:55,-16.7,-151.0167,81.18,70,17,11.14
546,Mehamn,NO,2022-03-10 23:05:56,71.0357,27.8492,37.31,91,99,37.2
547,Panama City,PA,2022-03-10 23:03:58,8.9936,-79.5197,82.35,75,40,12.66
548,Concepcion,CL,2022-03-10 23:05:56,-36.827,-73.0498,66.0,59,0,21.85
549,Bokajan,IN,2022-03-10 23:05:56,26.0167,93.7833,65.88,45,56,1.92
550,Chongwe,ZM,2022-03-10 23:05:57,-15.3292,28.682,63.18,95,35,2.86
551,Lubango,AO,2022-03-10 23:05:57,-14.9172,13.4925,63.97,69,99,4.38
552,Leshukonskoye,RU,2022-03-10 23:05:57,64.8989,45.7622,20.88,92,100,10.8
553,Serenje,ZM,2022-03-10 23:05:58,-13.2325,30.2352,61.32,97,97,6.33
554,Kenai,US,2022-03-10 23:05:58,60.5544,-151.2583,37.02,96,100,19.57
555,Tarko-Sale,RU,2022-03-10 23:06:58,64.9225,77.785,0.93,97,100,9.73
556,Ojinaga,MX,2022-03-10 23:06:59,29.5667,-104.4167,80.42,11,0,5.75
557,Oranzherei,RU,2022-03-10 23:06:59,45.8476,47.5663,31.1,87,84,9.06
558,Todos Santos,MX,2022-03-10 23:06:59,23.45,-110.2167,67.44,57,1,8.61
559,Karla,EE,2022-03-10 23:07:00,59.3723,24.9275,28.06,71,0,10.36
560,Pidhorodne,UA,2022-03-10 23:07:00,48.5753,35.1068,19.24,86,100,14.03
561,Hagi,JP,2022-03-10 23:07:00,34.4,131.4167,51.28,57,100,5.59
562,Gambo,CF,2022-03-10 23:07:01,4.6482,22.2633,77.63,64,100,2.89
563,Resplendor,BR,2022-03-10 23:07:01,-19.3256,-41.2553,73.98,87,39,1.7
564,Smidovich,RU,2022-03-10 23:07:02,48.6,133.8167,17.1,90,13,7.72
565,Puerto Escondido,MX,2022-03-10 23:07:02,15.85,-97.0667,85.03,65,0,6.91
566,Waingapu,ID,2022-03-10 23:07:02,-9.6567,120.2641,79.7,87,52,3.27
567,Lethem,GY,2022-03-10 23:07:03,3.3803,-59.7968,78.44,74,96,9.86
568,Pacific Grove,US,2022-03-10 23:03:29,36.6177,-121.9166,69.55,50,0,10.36
569,Montepuez,MZ,2022-03-10 23:07:03,-13.1256,38.9997,68.86,98,100,4.59
570,Kyra,RU,2022-03-10 23:07:04,49.5776,111.9753,9.81,86,16,3.51
571,Akyab,MM,2022-03-10 23:07:04,20.15,92.9,70.39,62,8,7.18
572,Inhambane,MZ,2022-03-10 23:07:04,-23.865,35.3833,75.34,86,8,8.57
573,Kawerau,NZ,2022-03-10 23:07:05,-38.1,176.7,72.1,51,38,3.0
574,Canoinhas,BR,2022-03-10 23:07:05,-26.1772,-50.39,67.77,89,55,0.78
575,Taga,RO,2022-03-10 23:07:05,46.95,24.05,21.52,49,19,11.3
576,Baruun-Urt,MN,2022-03-10 23:07:06,46.6806,113.2792,21.04,50,33,5.86
577,Havelock,US,2022-03-10 23:04:12,34.8791,-76.9013,49.98,92,100,5.84
578,Saint-Jerome,CA,2022-03-10 23:07:06,45.7804,-74.0036,31.23,66,99,5.86
579,Dunedin,NZ,2022-03-10 23:06:38,-45.8742,170.5036,66.79,68,36,4.0
580,Ahuimanu,US,2022-03-10 23:07:07,21.4447,-157.8378,83.34,65,40,10.36
581,Raga,SS,2022-03-10 23:07:07,8.4596,25.678,83.16,18,92,2.71
582,Severo-Yeniseyskiy,RU,2022-03-10 23:07:07,60.3725,93.0408,-28.39,100,99,3.11
583,Jiamusi,CN,2022-03-10 23:07:08,46.8333,130.35,23.36,80,4,9.1
584,Kangaatsiaq,GL,2022-03-10 23:07:08,68.3065,-53.4641,-9.9,100,97,3.4
585,Pearland,US,2022-03-10 23:06:16,29.5636,-95.286,74.25,62,0,13.8
586,Gualaquiza,EC,2022-03-10 23:07:08,-3.4,-78.55,68.54,96,99,1.48
587,Honiara,SB,2022-03-10 23:07:09,-9.4333,159.95,85.57,68,81,2.06
588,Prieska,ZA,2022-03-10 23:07:09,-29.6641,22.7474,80.17,40,70,6.87
589,Cervo,ES,2022-03-10 23:07:09,43.6702,-7.4101,49.96,80,97,13.35
590,Cartagena Del Chaira,CO,2022-03-10 23:07:10,1.3349,-74.8429,80.71,70,96,3.76
591,Tsabong,BW,2022-03-10 23:07:10,-26.0217,22.401,77.61,52,53,6.51
592,Loandjili,CG,2022-03-10 23:07:11,-4.7561,11.8578,79.66,81,100,2.75
593,Acari,PE,2022-03-10 23:07:11,-15.4311,-74.6158,76.93,68,76,7.11
594,Shingu,JP,2022-03-10 23:07:11,33.7333,135.9833,52.25,61,92,2.84
595,Pangody,RU,2022-03-10 23:07:12,65.85,74.4859,-6.56,96,100,8.39
596,Columbus,US,2022-03-10 23:04:28,39.9612,-82.9988,49.46,53,40,6.91
597,Batagay,RU,2022-03-10 23:07:12,67.6333,134.6333,-3.12,97,100,1.3
598,Yerbogachen,RU,2022-03-10 23:07:12,61.2767,108.0108,-14.01,98,85,6.93
